<profile>

<section name = "Vivado HLS Report for 'calcola'" level="0">
<item name = "Date">Thu Mar 11 17:05:43 2021
</item>
<item name = "Version">2018.3 (Build 2405991 on Thu Dec 06 23:56:15 MST 2018)</item>
<item name = "Project">Calcola</item>
<item name = "Solution">solution1</item>
<item name = "Product family">zynq</item>
<item name = "Target device">xc7z020clg400-1</item>
</section>

<section name = "Performance Estimates" level="0">
<item name = "Timing (ns)">
<section name = "" level="1">
<item name = "Target clock period (ns)">10.00</item>
<item name = "Clock uncertainty (ns)">1.25</item>
<item name = "Estimated clock period (ns)">8.510</item>
</section>
</item>
<item name = "Latency (clock cycles)">
<section name = "" level="1">
<item name = "Summary"><table name="" hasTotal="0">
<keys size="6">, min, max, min, max, Type</keys>
<column name="">1, 35, 1, 35, none</column>
</table>
</item>
<item name = "Detail">
<section name = "" level="1">
<item name = "Instance"><table name="" hasTotal="0">
<keys size="7">Instance, Module, min, max, min, max, Type</keys>
</table>
</item>
<item name = "Loop"><table name="" hasTotal="0">
<keys size="8">Loop Name, min, max, Latency, achieved, target, Count, Pipelined</keys>
</table>
</item>
</section>
</item>
</section>
</item>
</section>

<section name = "Utilization Estimates" level="0">
<item name = "Summary"><table name="" hasTotal="1">
<keys size="5">Name, BRAM_18K, DSP48E, FF, LUT</keys>
<column name="DSP">-, -, -, -</column>
<column name="Expression">-, 3, 0, 162</column>
<column name="FIFO">-, -, -, -</column>
<column name="Instance">0, -, 552, 486</column>
<column name="Memory">-, -, -, -</column>
<column name="Multiplexer">-, -, -, 209</column>
<column name="Register">-, -, 170, -</column>
<specialColumn name="Available">280, 220, 106400, 53200</specialColumn>
<specialColumn name="Utilization (%)">0, 1, ~0, 1</specialColumn>
</table>
</item>
<item name = "Detail">
<section name = "" level="1">
<item name = "Instance"><table name="" hasTotal="1">
<keys size="6">Instance, Module, BRAM_18K, DSP48E, FF, LUT</keys>
<column name="calcola_AXILiteS_s_axi_U">calcola_AXILiteS_s_axi, 0, 0, 158, 248</column>
<column name="calcola_sdiv_32s_bkb_U1">calcola_sdiv_32s_bkb, 0, 0, 394, 238</column>
</table>
</item>
<item name = "DSP48"><table name="" hasTotal="0">
<keys size="3">Instance, Module, Expression</keys>
</table>
</item>
<item name = "Memory"><table name="" hasTotal="1">
<keys size="9">Memory, Module, BRAM_18K, FF, LUT, Words, Bits, Banks, W*Bits*Banks</keys>
</table>
</item>
<item name = "FIFO"><table name="" hasTotal="1">
<keys size="7">Name, BRAM_18K, FF, LUT, Depth, Bits, Size:D*B</keys>
</table>
</item>
<item name = "Expression"><table name="" hasTotal="1">
<keys size="7">Variable Name, Operation, DSP48E, FF, LUT, Bitwidth P0, Bitwidth P1</keys>
<column name="tmp_6_fu_136_p2">*, 3, 0, 20, 32, 32</column>
<column name="tmp_2_fu_130_p2">+, 0, 0, 39, 32, 32</column>
<column name="tmp_4_fu_124_p2">-, 0, 0, 39, 32, 32</column>
<column name="or_cond_fu_111_p2">and, 0, 0, 2, 1, 1</column>
<column name="tmp_1_fu_81_p2">icmp, 0, 0, 11, 8, 6</column>
<column name="tmp_3_fu_87_p2">icmp, 0, 0, 11, 8, 6</column>
<column name="tmp_5_fu_93_p2">icmp, 0, 0, 11, 8, 6</column>
<column name="tmp_7_fu_99_p2">icmp, 0, 0, 11, 8, 6</column>
<column name="tmp_8_fu_105_p2">icmp, 0, 0, 18, 32, 1</column>
</table>
</item>
<item name = "Multiplexer"><table name="" hasTotal="1">
<keys size="5">Name, LUT, Input Size, Bits, Total Bits</keys>
<column name="ap_NS_fsm">173, 39, 1, 39</column>
<column name="ap_phi_mux_storemerge4_phi_fu_67_p10">9, 2, 32, 64</column>
<column name="storemerge4_reg_63">27, 5, 32, 160</column>
</table>
</item>
<item name = "Register"><table name="" hasTotal="1">
<keys size="5">Name, FF, LUT, Bits, Const Bits</keys>
<column name="a_read_reg_146">32, 0, 32, 0</column>
<column name="ap_CS_fsm">38, 0, 38, 0</column>
<column name="b_read_reg_140">32, 0, 32, 0</column>
<column name="or_cond_reg_164">1, 0, 1, 0</column>
<column name="storemerge4_reg_63">32, 0, 32, 0</column>
<column name="tmp_1_reg_152">1, 0, 1, 0</column>
<column name="tmp_3_reg_156">1, 0, 1, 0</column>
<column name="tmp_5_reg_160">1, 0, 1, 0</column>
<column name="tmp_6_reg_178">32, 0, 32, 0</column>
</table>
</item>
</section>
</item>
</section>

<section name = "Interface" level="0">
<item name = "Summary"><table name="" hasTotal="0">
<keys size="6">RTL Ports, Dir, Bits, Protocol, Source Object, C Type</keys>
<column name="s_axi_AXILiteS_AWVALID">in, 1, s_axi, AXILiteS, pointer</column>
<column name="s_axi_AXILiteS_AWREADY">out, 1, s_axi, AXILiteS, pointer</column>
<column name="s_axi_AXILiteS_AWADDR">in, 6, s_axi, AXILiteS, pointer</column>
<column name="s_axi_AXILiteS_WVALID">in, 1, s_axi, AXILiteS, pointer</column>
<column name="s_axi_AXILiteS_WREADY">out, 1, s_axi, AXILiteS, pointer</column>
<column name="s_axi_AXILiteS_WDATA">in, 32, s_axi, AXILiteS, pointer</column>
<column name="s_axi_AXILiteS_WSTRB">in, 4, s_axi, AXILiteS, pointer</column>
<column name="s_axi_AXILiteS_ARVALID">in, 1, s_axi, AXILiteS, pointer</column>
<column name="s_axi_AXILiteS_ARREADY">out, 1, s_axi, AXILiteS, pointer</column>
<column name="s_axi_AXILiteS_ARADDR">in, 6, s_axi, AXILiteS, pointer</column>
<column name="s_axi_AXILiteS_RVALID">out, 1, s_axi, AXILiteS, pointer</column>
<column name="s_axi_AXILiteS_RREADY">in, 1, s_axi, AXILiteS, pointer</column>
<column name="s_axi_AXILiteS_RDATA">out, 32, s_axi, AXILiteS, pointer</column>
<column name="s_axi_AXILiteS_RRESP">out, 2, s_axi, AXILiteS, pointer</column>
<column name="s_axi_AXILiteS_BVALID">out, 1, s_axi, AXILiteS, pointer</column>
<column name="s_axi_AXILiteS_BREADY">in, 1, s_axi, AXILiteS, pointer</column>
<column name="s_axi_AXILiteS_BRESP">out, 2, s_axi, AXILiteS, pointer</column>
<column name="ap_clk">in, 1, ap_ctrl_none, calcola, return value</column>
<column name="ap_rst_n">in, 1, ap_ctrl_none, calcola, return value</column>
</table>
</item>
</section>

<section name = "Critical Path" level="0">
<item name = "Max Delay">8.51</item>
<item name = "Critical Path Table"><table name="Critical Path Table" hasTotal="0">
<keys size="15">Name, Operator, Delay, Accumulated Delay, Store Source, Resource, Core, Interface, Type, Port, Array, Scope, Pointer, Callee, Phi Node</keys>
<column name="'tmp_6', Calcola/calcola.cpp:19">mul, 8.51, 8.51, -, -, -, -, -, -, -, -, -, -, -</column>
</table>
</item>
</section>
</profile>
