<stg><name>mult_constant</name>


<trans_list>

<trans id="39" from="1" to="2">
<condition id="-1">
<or_exp><and_exp></and_exp></or_exp>
</condition>
</trans>

<trans id="40" from="2" to="3">
<condition id="-1">
<or_exp><and_exp></and_exp></or_exp>
</condition>
</trans>

<trans id="41" from="3" to="4">
<condition id="-1">
<or_exp><and_exp></and_exp></or_exp>
</condition>
</trans>
</trans_list>



<state_list>

<state id="1" st_id="1">

<operation id="5" st_id="1" stage="2" lat="2">
<core>s_axilite</core>
<MemPortIdVec></MemPortIdVec>
<condition id="-1">
<or_exp><and_exp></and_exp></or_exp>
</condition>

<Node id="16" bw="32" op_0_bw="32" op_1_bw="32">
<![CDATA[
:0  %constant_V_read = call i32 @_ssdm_op_Read.s_axilite.i32(i32 %constant_V)

]]></Node>
<StgValue><ssdm name="constant_V_read"/></StgValue>
</operation>

<operation id="6" st_id="1" stage="1" lat="1">
<core>AXI4Stream</core>
<MemPortIdVec></MemPortIdVec>
<condition id="-1">
<or_exp><and_exp></and_exp></or_exp>
</condition>

<Node id="37" bw="44" op_0_bw="44" op_1_bw="32" op_2_bw="4" op_3_bw="4" op_4_bw="1" op_5_bw="1" op_6_bw="1" op_7_bw="1">
<![CDATA[
:21  %empty = call { i32, i4, i4, i1, i1, i1, i1 } @_ssdm_op_Read.axis.volatile.i32P.i4P.i4P.i1P.i1P.i1P.i1P(i32* %in_data_data_V, i4* %in_data_keep_V, i4* %in_data_strb_V, i1* %in_data_user_V, i1* %in_data_last_V, i1* %in_data_id_V, i1* %in_data_dest_V)

]]></Node>
<StgValue><ssdm name="empty"/></StgValue>
</operation>

<operation id="7" st_id="1" stage="1" lat="1">
<core>NULL</core>
<MemPortIdVec></MemPortIdVec>
<condition id="-1">
<or_exp><and_exp></and_exp></or_exp>
</condition>

<Node id="38" bw="32" op_0_bw="44">
<![CDATA[
:22  %in_data_data_V_tmp = extractvalue { i32, i4, i4, i1, i1, i1, i1 } %empty, 0

]]></Node>
<StgValue><ssdm name="in_data_data_V_tmp"/></StgValue>
</operation>

<operation id="8" st_id="1" stage="1" lat="1">
<core>NULL</core>
<MemPortIdVec></MemPortIdVec>
<condition id="-1">
<or_exp><and_exp></and_exp></or_exp>
</condition>

<Node id="39" bw="4" op_0_bw="44">
<![CDATA[
:23  %in_data_keep_V_tmp = extractvalue { i32, i4, i4, i1, i1, i1, i1 } %empty, 1

]]></Node>
<StgValue><ssdm name="in_data_keep_V_tmp"/></StgValue>
</operation>

<operation id="9" st_id="1" stage="1" lat="1">
<core>NULL</core>
<MemPortIdVec></MemPortIdVec>
<condition id="-1">
<or_exp><and_exp></and_exp></or_exp>
</condition>

<Node id="40" bw="4" op_0_bw="44">
<![CDATA[
:24  %in_data_strb_V_tmp = extractvalue { i32, i4, i4, i1, i1, i1, i1 } %empty, 2

]]></Node>
<StgValue><ssdm name="in_data_strb_V_tmp"/></StgValue>
</operation>

<operation id="10" st_id="1" stage="1" lat="1">
<core>NULL</core>
<MemPortIdVec></MemPortIdVec>
<condition id="-1">
<or_exp><and_exp></and_exp></or_exp>
</condition>

<Node id="41" bw="1" op_0_bw="44">
<![CDATA[
:25  %in_data_user_V_tmp = extractvalue { i32, i4, i4, i1, i1, i1, i1 } %empty, 3

]]></Node>
<StgValue><ssdm name="in_data_user_V_tmp"/></StgValue>
</operation>

<operation id="11" st_id="1" stage="1" lat="1">
<core>NULL</core>
<MemPortIdVec></MemPortIdVec>
<condition id="-1">
<or_exp><and_exp></and_exp></or_exp>
</condition>

<Node id="42" bw="1" op_0_bw="44">
<![CDATA[
:26  %in_data_last_V_tmp = extractvalue { i32, i4, i4, i1, i1, i1, i1 } %empty, 4

]]></Node>
<StgValue><ssdm name="in_data_last_V_tmp"/></StgValue>
</operation>

<operation id="12" st_id="1" stage="1" lat="1">
<core>NULL</core>
<MemPortIdVec></MemPortIdVec>
<condition id="-1">
<or_exp><and_exp></and_exp></or_exp>
</condition>

<Node id="43" bw="1" op_0_bw="44">
<![CDATA[
:27  %in_data_id_V_tmp = extractvalue { i32, i4, i4, i1, i1, i1, i1 } %empty, 5

]]></Node>
<StgValue><ssdm name="in_data_id_V_tmp"/></StgValue>
</operation>

<operation id="13" st_id="1" stage="1" lat="1">
<core>NULL</core>
<MemPortIdVec></MemPortIdVec>
<condition id="-1">
<or_exp><and_exp></and_exp></or_exp>
</condition>

<Node id="44" bw="1" op_0_bw="44">
<![CDATA[
:28  %in_data_dest_V_tmp = extractvalue { i32, i4, i4, i1, i1, i1, i1 } %empty, 6

]]></Node>
<StgValue><ssdm name="in_data_dest_V_tmp"/></StgValue>
</operation>
</state>

<state id="2" st_id="2">

<operation id="14" st_id="2" stage="1" lat="2">
<core>s_axilite</core>
<MemPortIdVec></MemPortIdVec>
<condition id="-1">
<or_exp><and_exp></and_exp></or_exp>
</condition>

<Node id="16" bw="32" op_0_bw="32" op_1_bw="32">
<![CDATA[
:0  %constant_V_read = call i32 @_ssdm_op_Read.s_axilite.i32(i32 %constant_V)

]]></Node>
<StgValue><ssdm name="constant_V_read"/></StgValue>
</operation>
</state>

<state id="3" st_id="3">

<operation id="15" st_id="3" stage="1" lat="1">
<core>Mul</core>
<MemPortIdVec></MemPortIdVec>
<condition id="-1">
<or_exp><and_exp></and_exp></or_exp>
</condition>

<Node id="45" bw="32" op_0_bw="32" op_1_bw="32">
<![CDATA[
:29  %out_data_data_V_tmp = mul i32 %in_data_data_V_tmp, %constant_V_read

]]></Node>
<StgValue><ssdm name="out_data_data_V_tmp"/></StgValue>
</operation>

<operation id="16" st_id="3" stage="2" lat="2">
<core>AXI4Stream</core>
<MemPortIdVec></MemPortIdVec>
<condition id="-1">
<or_exp><and_exp></and_exp></or_exp>
</condition>

<Node id="46" bw="0" op_0_bw="0" op_1_bw="32" op_2_bw="4" op_3_bw="4" op_4_bw="1" op_5_bw="1" op_6_bw="1" op_7_bw="1" op_8_bw="32" op_9_bw="4" op_10_bw="4" op_11_bw="1" op_12_bw="1" op_13_bw="1" op_14_bw="1">
<![CDATA[
:30  call void @_ssdm_op_Write.axis.volatile.i32P.i4P.i4P.i1P.i1P.i1P.i1P(i32* %out_data_data_V, i4* %out_data_keep_V, i4* %out_data_strb_V, i1* %out_data_user_V, i1* %out_data_last_V, i1* %out_data_id_V, i1* %out_data_dest_V, i32 %out_data_data_V_tmp, i4 %in_data_keep_V_tmp, i4 %in_data_strb_V_tmp, i1 %in_data_user_V_tmp, i1 %in_data_last_V_tmp, i1 %in_data_id_V_tmp, i1 %in_data_dest_V_tmp)

]]></Node>
<StgValue><ssdm name=""/></StgValue>
</operation>
</state>

<state id="4" st_id="4">

<operation id="17" st_id="4" stage="1" lat="1">
<core>NULL</core>
<MemPortIdVec></MemPortIdVec>
<condition id="-1">
<or_exp><and_exp></and_exp></or_exp>
</condition>

<Node id="17" bw="0" op_0_bw="0" op_1_bw="32">
<![CDATA[
:1  call void (...)* @_ssdm_op_SpecBitsMap(i32* %in_data_data_V), !map !38

]]></Node>
<StgValue><ssdm name=""/></StgValue>
</operation>

<operation id="18" st_id="4" stage="1" lat="1">
<core>NULL</core>
<MemPortIdVec></MemPortIdVec>
<condition id="-1">
<or_exp><and_exp></and_exp></or_exp>
</condition>

<Node id="18" bw="0" op_0_bw="0" op_1_bw="4">
<![CDATA[
:2  call void (...)* @_ssdm_op_SpecBitsMap(i4* %in_data_keep_V), !map !44

]]></Node>
<StgValue><ssdm name=""/></StgValue>
</operation>

<operation id="19" st_id="4" stage="1" lat="1">
<core>NULL</core>
<MemPortIdVec></MemPortIdVec>
<condition id="-1">
<or_exp><and_exp></and_exp></or_exp>
</condition>

<Node id="19" bw="0" op_0_bw="0" op_1_bw="4">
<![CDATA[
:3  call void (...)* @_ssdm_op_SpecBitsMap(i4* %in_data_strb_V), !map !48

]]></Node>
<StgValue><ssdm name=""/></StgValue>
</operation>

<operation id="20" st_id="4" stage="1" lat="1">
<core>NULL</core>
<MemPortIdVec></MemPortIdVec>
<condition id="-1">
<or_exp><and_exp></and_exp></or_exp>
</condition>

<Node id="20" bw="0" op_0_bw="0" op_1_bw="1">
<![CDATA[
:4  call void (...)* @_ssdm_op_SpecBitsMap(i1* %in_data_user_V), !map !52

]]></Node>
<StgValue><ssdm name=""/></StgValue>
</operation>

<operation id="21" st_id="4" stage="1" lat="1">
<core>NULL</core>
<MemPortIdVec></MemPortIdVec>
<condition id="-1">
<or_exp><and_exp></and_exp></or_exp>
</condition>

<Node id="21" bw="0" op_0_bw="0" op_1_bw="1">
<![CDATA[
:5  call void (...)* @_ssdm_op_SpecBitsMap(i1* %in_data_last_V), !map !56

]]></Node>
<StgValue><ssdm name=""/></StgValue>
</operation>

<operation id="22" st_id="4" stage="1" lat="1">
<core>NULL</core>
<MemPortIdVec></MemPortIdVec>
<condition id="-1">
<or_exp><and_exp></and_exp></or_exp>
</condition>

<Node id="22" bw="0" op_0_bw="0" op_1_bw="1">
<![CDATA[
:6  call void (...)* @_ssdm_op_SpecBitsMap(i1* %in_data_id_V), !map !60

]]></Node>
<StgValue><ssdm name=""/></StgValue>
</operation>

<operation id="23" st_id="4" stage="1" lat="1">
<core>NULL</core>
<MemPortIdVec></MemPortIdVec>
<condition id="-1">
<or_exp><and_exp></and_exp></or_exp>
</condition>

<Node id="23" bw="0" op_0_bw="0" op_1_bw="1">
<![CDATA[
:7  call void (...)* @_ssdm_op_SpecBitsMap(i1* %in_data_dest_V), !map !64

]]></Node>
<StgValue><ssdm name=""/></StgValue>
</operation>

<operation id="24" st_id="4" stage="1" lat="1">
<core>NULL</core>
<MemPortIdVec></MemPortIdVec>
<condition id="-1">
<or_exp><and_exp></and_exp></or_exp>
</condition>

<Node id="24" bw="0" op_0_bw="0" op_1_bw="32">
<![CDATA[
:8  call void (...)* @_ssdm_op_SpecBitsMap(i32* %out_data_data_V), !map !68

]]></Node>
<StgValue><ssdm name=""/></StgValue>
</operation>

<operation id="25" st_id="4" stage="1" lat="1">
<core>NULL</core>
<MemPortIdVec></MemPortIdVec>
<condition id="-1">
<or_exp><and_exp></and_exp></or_exp>
</condition>

<Node id="25" bw="0" op_0_bw="0" op_1_bw="4">
<![CDATA[
:9  call void (...)* @_ssdm_op_SpecBitsMap(i4* %out_data_keep_V), !map !72

]]></Node>
<StgValue><ssdm name=""/></StgValue>
</operation>

<operation id="26" st_id="4" stage="1" lat="1">
<core>NULL</core>
<MemPortIdVec></MemPortIdVec>
<condition id="-1">
<or_exp><and_exp></and_exp></or_exp>
</condition>

<Node id="26" bw="0" op_0_bw="0" op_1_bw="4">
<![CDATA[
:10  call void (...)* @_ssdm_op_SpecBitsMap(i4* %out_data_strb_V), !map !76

]]></Node>
<StgValue><ssdm name=""/></StgValue>
</operation>

<operation id="27" st_id="4" stage="1" lat="1">
<core>NULL</core>
<MemPortIdVec></MemPortIdVec>
<condition id="-1">
<or_exp><and_exp></and_exp></or_exp>
</condition>

<Node id="27" bw="0" op_0_bw="0" op_1_bw="1">
<![CDATA[
:11  call void (...)* @_ssdm_op_SpecBitsMap(i1* %out_data_user_V), !map !80

]]></Node>
<StgValue><ssdm name=""/></StgValue>
</operation>

<operation id="28" st_id="4" stage="1" lat="1">
<core>NULL</core>
<MemPortIdVec></MemPortIdVec>
<condition id="-1">
<or_exp><and_exp></and_exp></or_exp>
</condition>

<Node id="28" bw="0" op_0_bw="0" op_1_bw="1">
<![CDATA[
:12  call void (...)* @_ssdm_op_SpecBitsMap(i1* %out_data_last_V), !map !84

]]></Node>
<StgValue><ssdm name=""/></StgValue>
</operation>

<operation id="29" st_id="4" stage="1" lat="1">
<core>NULL</core>
<MemPortIdVec></MemPortIdVec>
<condition id="-1">
<or_exp><and_exp></and_exp></or_exp>
</condition>

<Node id="29" bw="0" op_0_bw="0" op_1_bw="1">
<![CDATA[
:13  call void (...)* @_ssdm_op_SpecBitsMap(i1* %out_data_id_V), !map !88

]]></Node>
<StgValue><ssdm name=""/></StgValue>
</operation>

<operation id="30" st_id="4" stage="1" lat="1">
<core>NULL</core>
<MemPortIdVec></MemPortIdVec>
<condition id="-1">
<or_exp><and_exp></and_exp></or_exp>
</condition>

<Node id="30" bw="0" op_0_bw="0" op_1_bw="1">
<![CDATA[
:14  call void (...)* @_ssdm_op_SpecBitsMap(i1* %out_data_dest_V), !map !92

]]></Node>
<StgValue><ssdm name=""/></StgValue>
</operation>

<operation id="31" st_id="4" stage="1" lat="1">
<core>NULL</core>
<MemPortIdVec></MemPortIdVec>
<condition id="-1">
<or_exp><and_exp></and_exp></or_exp>
</condition>

<Node id="31" bw="0" op_0_bw="0" op_1_bw="32">
<![CDATA[
:15  call void (...)* @_ssdm_op_SpecBitsMap(i32 %constant_V), !map !96

]]></Node>
<StgValue><ssdm name=""/></StgValue>
</operation>

<operation id="32" st_id="4" stage="1" lat="1">
<core>NULL</core>
<MemPortIdVec></MemPortIdVec>
<condition id="-1">
<or_exp><and_exp></and_exp></or_exp>
</condition>

<Node id="32" bw="0" op_0_bw="0" op_1_bw="0">
<![CDATA[
:16  call void (...)* @_ssdm_op_SpecTopModule([14 x i8]* @mult_constant_str) nounwind

]]></Node>
<StgValue><ssdm name=""/></StgValue>
</operation>

<operation id="33" st_id="4" stage="1" lat="1">
<core>NULL</core>
<MemPortIdVec></MemPortIdVec>
<condition id="-1">
<or_exp><and_exp></and_exp></or_exp>
</condition>

<Node id="33" bw="0" op_0_bw="0" op_1_bw="32" op_2_bw="0" op_3_bw="32" op_4_bw="32" op_5_bw="0" op_6_bw="32" op_7_bw="32" op_8_bw="0" op_9_bw="0" op_10_bw="0" op_11_bw="32" op_12_bw="32" op_13_bw="32" op_14_bw="32" op_15_bw="0" op_16_bw="0">
<![CDATA[
:17  call void (...)* @_ssdm_op_SpecInterface(i32 %constant_V, [10 x i8]* @p_str, i32 1, i32 1, [1 x i8]* @p_str1, i32 0, i32 0, [1 x i8]* @p_str1, [1 x i8]* @p_str1, [1 x i8]* @p_str1, i32 0, i32 0, i32 0, i32 0, [1 x i8]* @p_str1, [1 x i8]* @p_str1) nounwind

]]></Node>
<StgValue><ssdm name=""/></StgValue>
</operation>

<operation id="34" st_id="4" stage="1" lat="1">
<core>NULL</core>
<MemPortIdVec></MemPortIdVec>
<condition id="-1">
<or_exp><and_exp></and_exp></or_exp>
</condition>

<Node id="34" bw="0" op_0_bw="0" op_1_bw="32" op_2_bw="0" op_3_bw="32" op_4_bw="32" op_5_bw="0" op_6_bw="32" op_7_bw="32" op_8_bw="0" op_9_bw="0" op_10_bw="0" op_11_bw="32" op_12_bw="32" op_13_bw="32" op_14_bw="32" op_15_bw="0" op_16_bw="0">
<![CDATA[
:18  call void (...)* @_ssdm_op_SpecInterface(i32 0, [13 x i8]* @p_str2, i32 0, i32 0, [1 x i8]* @p_str1, i32 0, i32 0, [1 x i8]* @p_str1, [1 x i8]* @p_str1, [1 x i8]* @p_str1, i32 0, i32 0, i32 0, i32 0, [1 x i8]* @p_str1, [1 x i8]* @p_str1) nounwind

]]></Node>
<StgValue><ssdm name=""/></StgValue>
</operation>

<operation id="35" st_id="4" stage="1" lat="1">
<core>NULL</core>
<MemPortIdVec></MemPortIdVec>
<condition id="-1">
<or_exp><and_exp></and_exp></or_exp>
</condition>

<Node id="35" bw="0" op_0_bw="0" op_1_bw="32" op_2_bw="4" op_3_bw="4" op_4_bw="1" op_5_bw="1" op_6_bw="1" op_7_bw="1" op_8_bw="0" op_9_bw="32" op_10_bw="32" op_11_bw="0" op_12_bw="32" op_13_bw="32" op_14_bw="0" op_15_bw="0" op_16_bw="0" op_17_bw="32" op_18_bw="32" op_19_bw="32" op_20_bw="32" op_21_bw="0" op_22_bw="0">
<![CDATA[
:19  call void (...)* @_ssdm_op_SpecInterface(i32* %in_data_data_V, i4* %in_data_keep_V, i4* %in_data_strb_V, i1* %in_data_user_V, i1* %in_data_last_V, i1* %in_data_id_V, i1* %in_data_dest_V, [5 x i8]* @p_str3, i32 1, i32 1, [5 x i8]* @p_str4, i32 0, i32 0, [1 x i8]* @p_str1, [1 x i8]* @p_str1, [1 x i8]* @p_str1, i32 0, i32 0, i32 0, i32 0, [1 x i8]* @p_str1, [1 x i8]* @p_str1) nounwind

]]></Node>
<StgValue><ssdm name=""/></StgValue>
</operation>

<operation id="36" st_id="4" stage="1" lat="1">
<core>NULL</core>
<MemPortIdVec></MemPortIdVec>
<condition id="-1">
<or_exp><and_exp></and_exp></or_exp>
</condition>

<Node id="36" bw="0" op_0_bw="0" op_1_bw="32" op_2_bw="4" op_3_bw="4" op_4_bw="1" op_5_bw="1" op_6_bw="1" op_7_bw="1" op_8_bw="0" op_9_bw="32" op_10_bw="32" op_11_bw="0" op_12_bw="32" op_13_bw="32" op_14_bw="0" op_15_bw="0" op_16_bw="0" op_17_bw="32" op_18_bw="32" op_19_bw="32" op_20_bw="32" op_21_bw="0" op_22_bw="0">
<![CDATA[
:20  call void (...)* @_ssdm_op_SpecInterface(i32* %out_data_data_V, i4* %out_data_keep_V, i4* %out_data_strb_V, i1* %out_data_user_V, i1* %out_data_last_V, i1* %out_data_id_V, i1* %out_data_dest_V, [5 x i8]* @p_str3, i32 1, i32 1, [5 x i8]* @p_str4, i32 0, i32 0, [1 x i8]* @p_str1, [1 x i8]* @p_str1, [1 x i8]* @p_str1, i32 0, i32 0, i32 0, i32 0, [1 x i8]* @p_str1, [1 x i8]* @p_str1) nounwind

]]></Node>
<StgValue><ssdm name=""/></StgValue>
</operation>

<operation id="37" st_id="4" stage="1" lat="2">
<core>AXI4Stream</core>
<MemPortIdVec></MemPortIdVec>
<condition id="-1">
<or_exp><and_exp></and_exp></or_exp>
</condition>

<Node id="46" bw="0" op_0_bw="0" op_1_bw="32" op_2_bw="4" op_3_bw="4" op_4_bw="1" op_5_bw="1" op_6_bw="1" op_7_bw="1" op_8_bw="32" op_9_bw="4" op_10_bw="4" op_11_bw="1" op_12_bw="1" op_13_bw="1" op_14_bw="1">
<![CDATA[
:30  call void @_ssdm_op_Write.axis.volatile.i32P.i4P.i4P.i1P.i1P.i1P.i1P(i32* %out_data_data_V, i4* %out_data_keep_V, i4* %out_data_strb_V, i1* %out_data_user_V, i1* %out_data_last_V, i1* %out_data_id_V, i1* %out_data_dest_V, i32 %out_data_data_V_tmp, i4 %in_data_keep_V_tmp, i4 %in_data_strb_V_tmp, i1 %in_data_user_V_tmp, i1 %in_data_last_V_tmp, i1 %in_data_id_V_tmp, i1 %in_data_dest_V_tmp)

]]></Node>
<StgValue><ssdm name=""/></StgValue>
</operation>

<operation id="38" st_id="4" stage="1" lat="1">
<core>NULL</core>
<MemPortIdVec></MemPortIdVec>
<condition id="-1">
<or_exp><and_exp></and_exp></or_exp>
</condition>

<Node id="47" bw="0">
<![CDATA[
:31  ret void

]]></Node>
<StgValue><ssdm name=""/></StgValue>
</operation>
</state>
</state_list>


<ports>
</ports>


<dataflows>
</dataflows>


</stg>
